[
  {
    "tactic": "Initial Access",
    "techniques": [
      "T1190 Exploit Public-Facing App",
      "T1566 Phishing",
      "T1133 External Remote Services"
    ]
  },
  {
    "tactic": "Execution",
    "techniques": [
      "T1059 Command Shell",
      "T1053 Scheduled Task"
    ]
  },
  {
    "tactic": "Persistence",
    "techniques": [
      "T1060 Registry Run Keys",
      "T1053 Scheduled Task"
    ]
  },
  {
    "tactic": "Lateral Movement",
    "techniques": [
      "T1021 Remote Services"
    ]
  },
  {
    "tactic": "Exfiltration",
    "techniques": [
      "T1041 Exfiltration Over C2 Channel"
    ]
  }
]